Abbrev,AoP,max_AoP
m_CCS,m_CCS,7.68891097572219
TTHH,HH,0.0001043969745421
TTEQ,EQ,8.480768732548144
