Abbrev,AoP,max_AoP
m_CCS,m_CCS,7.491031587745251
TTHH,HH,0.00010235782892620002
TTEQ,EQ,8.308530534595471
