Abbrev,AoP,max_AoP
m_CCS,m_CCS,3.4809967226122005
TTHH,HH,6.38805655554924e-05
TTEQ,EQ,2.3945613680967064
