Abbrev,AoP,max_AoP
m_CCS,m_CCS,7.491031972997592
TTHH,HH,0.00010235480843827345
TTEQ,EQ,8.308532716326614
