Abbrev,AoP,max_AoP
m_CCS,m_CCS,7.68891109520632
TTHH,HH,0.00010439455208925287
TTEQ,EQ,8.480773399825452
