Abbrev,AoP,max_AoP
m_CCS,m_CCS,7.693061078596564
TTHH,HH,0.00010488310577539637
TTEQ,EQ,8.504150173007265
