Abbrev,AoP,max_AoP
m_CCS,m_CCS,7.693061022661717
TTHH,HH,0.00010488310527089587
TTEQ,EQ,8.504150143946992
