Abbrev,AoP,max_AoP
m_CCS,m_CCS,7.494594310000252
TTHH,HH,0.0001028696575765
TTEQ,EQ,8.32990361775634
